es,en
dolor de cabeza,headache
dolor en el pecho,chest pain
dolor abdominal,abdominal pain
fiebre,fever
náuseas,nausea
vómito,vomiting
mareo,dizziness
falta de aire,shortness of breath
tos,cough
presión arterial,blood pressure
hipertensión,hypertension
diabetes,diabetes
infarto de miocardio,myocardial infarction
accidente cerebrovascular,stroke
insuficiencia cardíaca,heart failure
insuficiencia cardíaca,cardiac failure
insuficiencia cardíaca congestiva,congestive heart failure
neumonía,pneumonia
asma,asthma
alergia,allergy
fractura,fracture
hinchazón,swelling
sangrado,bleeding
análisis de sangre,blood test
radiografía,x-ray
ayuno,fasting
cirugía,surgery
anestesia,anesthesia
receta,prescription
alta médica,discharge
urgencias,emergency room
consentimiento informado,informed consent
escalofríos,chills
fatiga,fatigue
erupción,rash
convulsión,seizure
desmayo,fainting
estreñimiento,constipation
diarrea,diarrhea
embarazo,pregnancy
